gpu,grid,block,cells,frames_measured,visible_grains_avg,sim_ms,cull_ms,gpu_ms,frame_ms,fps
"NVIDIA GeForce GTX 1650",64,32x4x2,262144,600,751,0.219,0.020,0.239,1.091,916.7
"NVIDIA GeForce GTX 1650",64,32x4x2,262144,600,752,0.198,0.022,0.219,1.423,702.9
"NVIDIA GeForce GTX 1650",64,32x4x2,262144,600,752,0.191,0.022,0.213,1.313,761.8
"NVIDIA GeForce GTX 1650",96,32x4x2,884736,600,2400,0.374,0.043,0.416,1.341,745.5
"NVIDIA GeForce GTX 1650",96,32x4x2,884736,600,2401,0.372,0.043,0.415,1.288,776.4
"NVIDIA GeForce GTX 1650",96,32x4x2,884736,600,2399,0.371,0.043,0.414,1.341,745.9
"NVIDIA GeForce GTX 1650",128,32x4x2,2097152,600,2781,0.658,0.087,0.745,1.514,660.6
"NVIDIA GeForce GTX 1650",128,32x4x2,2097152,600,2782,0.662,0.087,0.749,1.477,677.1
"NVIDIA GeForce GTX 1650",128,32x4x2,2097152,600,2783,0.645,0.087,0.732,1.511,661.9
"NVIDIA GeForce GTX 1650",192,32x4x2,7077888,600,10736,2.058,0.293,2.351,2.670,374.5
"NVIDIA GeForce GTX 1650",192,32x4x2,7077888,600,10681,2.053,0.292,2.345,2.649,377.5
"NVIDIA GeForce GTX 1650",192,32x4x2,7077888,600,10556,2.055,0.293,2.349,2.668,374.7
"NVIDIA GeForce GTX 1650",256,32x4x2,16777216,600,16299,4.411,0.632,5.043,5.421,184.5
"NVIDIA GeForce GTX 1650",256,32x4x2,16777216,600,16171,4.417,0.633,5.050,5.421,184.5
"NVIDIA GeForce GTX 1650",256,32x4x2,16777216,600,16796,4.415,0.632,5.047,5.419,184.6
"NVIDIA GeForce GTX 1650",320,32x4x2,32768000,600,25176,8.182,1.242,9.424,9.906,100.9
"NVIDIA GeForce GTX 1650",320,32x4x2,32768000,600,25252,8.183,1.243,9.425,9.894,101.1
"NVIDIA GeForce GTX 1650",320,32x4x2,32768000,600,24997,8.175,1.242,9.418,9.895,101.1
"NVIDIA GeForce GTX 1650",256,32x4x2,16777216,600,16189,4.419,0.631,5.050,5.411,184.8
"NVIDIA GeForce GTX 1650",256,32x4x2,16777216,600,16296,4.414,0.632,5.046,5.413,184.8
"NVIDIA GeForce GTX 1650",256,32x4x2,16777216,600,16575,4.414,0.631,5.045,5.411,184.8
"NVIDIA GeForce GTX 1650",256,32x8x1,16777216,600,16153,4.475,0.650,5.125,5.520,181.2
"NVIDIA GeForce GTX 1650",256,32x8x1,16777216,600,16303,4.494,0.655,5.149,5.527,180.9
"NVIDIA GeForce GTX 1650",256,32x8x1,16777216,600,16577,4.536,0.669,5.205,5.583,179.1
"NVIDIA GeForce GTX 1650",256,16x4x4,16777216,600,16417,4.579,0.696,5.275,5.665,176.5
"NVIDIA GeForce GTX 1650",256,16x4x4,16777216,600,15859,4.625,0.709,5.334,5.730,174.5
"NVIDIA GeForce GTX 1650",256,16x4x4,16777216,600,15845,4.626,0.709,5.335,5.713,175.1
"NVIDIA GeForce GTX 1650",256,16x16x1,16777216,600,16058,4.740,0.742,5.482,5.886,169.9
"NVIDIA GeForce GTX 1650",256,16x16x1,16777216,600,15873,4.700,0.733,5.434,5.838,171.3
"NVIDIA GeForce GTX 1650",256,16x16x1,16777216,600,15527,4.826,0.763,5.589,5.994,166.8
"NVIDIA GeForce GTX 1650",256,8x8x4,16777216,600,16259,4.740,0.769,5.509,5.926,168.7
"NVIDIA GeForce GTX 1650",256,8x8x4,16777216,600,16045,4.792,0.777,5.569,5.980,167.2
"NVIDIA GeForce GTX 1650",256,8x8x4,16777216,600,15701,4.934,0.814,5.747,6.156,162.4
"NVIDIA GeForce GTX 1650",256,8x8x8,16777216,600,18168,5.008,0.849,5.857,6.269,159.5
"NVIDIA GeForce GTX 1650",256,8x8x8,16777216,600,18044,5.060,0.861,5.921,6.339,157.8
"NVIDIA GeForce GTX 1650",256,8x8x8,16777216,600,18038,5.051,0.861,5.913,6.337,157.8
