cpu,threads,power,grid,cells,frames_measured,visible_grains_avg,sim_ms,cull_ms,total_ms,fps_equiv
"Intel64 Family 6 Model 154 Stepping 3, GenuineIntel",1,battery,64,262144,100,312,1.514,0.309,1.823,548.5
"Intel64 Family 6 Model 154 Stepping 3, GenuineIntel",12,battery,64,262144,100,312,0.324,0.088,0.413,2423.9
"Intel64 Family 6 Model 154 Stepping 3, GenuineIntel",1,battery,64,262144,100,312,0.869,0.233,1.102,907.5
"Intel64 Family 6 Model 154 Stepping 3, GenuineIntel",12,battery,64,262144,100,312,0.311,0.083,0.394,2536.3
"Intel64 Family 6 Model 154 Stepping 3, GenuineIntel",1,battery,96,884736,100,1372,3.253,0.829,4.083,244.9
"Intel64 Family 6 Model 154 Stepping 3, GenuineIntel",12,battery,96,884736,100,1372,0.955,0.249,1.204,830.7
"Intel64 Family 6 Model 154 Stepping 3, GenuineIntel",1,battery,96,884736,100,1372,3.529,0.932,4.461,224.2
"Intel64 Family 6 Model 154 Stepping 3, GenuineIntel",12,battery,96,884736,100,1372,0.800,0.211,1.011,989.5
"Intel64 Family 6 Model 154 Stepping 3, GenuineIntel",1,battery,128,2097152,100,1613,8.815,1.983,10.798,92.6
"Intel64 Family 6 Model 154 Stepping 3, GenuineIntel",12,battery,128,2097152,100,1613,2.578,0.420,2.998,333.6
"Intel64 Family 6 Model 154 Stepping 3, GenuineIntel",1,battery,128,2097152,100,1613,8.728,1.945,10.673,93.7
"Intel64 Family 6 Model 154 Stepping 3, GenuineIntel",12,battery,128,2097152,100,1613,2.349,0.380,2.729,366.5
"Intel64 Family 6 Model 154 Stepping 3, GenuineIntel",1,battery,192,7077888,100,7880,30.636,6.543,37.179,26.9
"Intel64 Family 6 Model 154 Stepping 3, GenuineIntel",12,battery,192,7077888,100,7880,11.071,1.515,12.586,79.5
"Intel64 Family 6 Model 154 Stepping 3, GenuineIntel",1,battery,192,7077888,100,7880,30.250,6.532,36.781,27.2
"Intel64 Family 6 Model 154 Stepping 3, GenuineIntel",12,battery,192,7077888,100,7880,10.631,1.344,11.975,83.5
"Intel64 Family 6 Model 154 Stepping 3, GenuineIntel",1,battery,256,16777216,100,13139,72.539,14.424,86.963,11.5
"Intel64 Family 6 Model 154 Stepping 3, GenuineIntel",12,battery,256,16777216,100,13139,29.274,3.834,33.108,30.2
"Intel64 Family 6 Model 154 Stepping 3, GenuineIntel",1,battery,256,16777216,100,13139,72.634,14.340,86.973,11.5
"Intel64 Family 6 Model 154 Stepping 3, GenuineIntel",12,battery,256,16777216,100,13139,29.173,3.991,33.164,30.2
"Intel64 Family 6 Model 154 Stepping 3, GenuineIntel",1,battery,320,32768000,100,18994,142.394,26.628,169.022,5.9
"Intel64 Family 6 Model 154 Stepping 3, GenuineIntel",12,battery,320,32768000,100,18994,52.320,6.420,58.739,17.0
"Intel64 Family 6 Model 154 Stepping 3, GenuineIntel",1,battery,320,32768000,100,18994,142.539,26.316,168.855,5.9
"Intel64 Family 6 Model 154 Stepping 3, GenuineIntel",12,battery,320,32768000,100,18994,51.905,6.498,58.403,17.1
"Intel64 Family 6 Model 154 Stepping 3, GenuineIntel",1,battery,192,7077888,100,7880,30.113,6.305,36.419,27.5
"Intel64 Family 6 Model 154 Stepping 3, GenuineIntel",1,battery,192,7077888,100,7880,30.096,6.322,36.418,27.5
"Intel64 Family 6 Model 154 Stepping 3, GenuineIntel",2,battery,192,7077888,100,7880,17.188,3.273,20.461,48.9
"Intel64 Family 6 Model 154 Stepping 3, GenuineIntel",2,battery,192,7077888,100,7880,17.283,3.185,20.468,48.9
"Intel64 Family 6 Model 154 Stepping 3, GenuineIntel",4,battery,192,7077888,100,7880,11.950,1.630,13.580,73.6
"Intel64 Family 6 Model 154 Stepping 3, GenuineIntel",4,battery,192,7077888,100,7880,12.996,1.896,14.892,67.2
"Intel64 Family 6 Model 154 Stepping 3, GenuineIntel",6,battery,192,7077888,100,7880,12.856,2.056,14.912,67.1
"Intel64 Family 6 Model 154 Stepping 3, GenuineIntel",6,battery,192,7077888,100,7880,12.757,2.035,14.792,67.6
"Intel64 Family 6 Model 154 Stepping 3, GenuineIntel",8,battery,192,7077888,100,7880,11.764,1.705,13.469,74.2
"Intel64 Family 6 Model 154 Stepping 3, GenuineIntel",8,battery,192,7077888,100,7880,11.881,1.813,13.694,73.0
"Intel64 Family 6 Model 154 Stepping 3, GenuineIntel",12,battery,192,7077888,100,7880,10.983,1.467,12.450,80.3
"Intel64 Family 6 Model 154 Stepping 3, GenuineIntel",12,battery,192,7077888,100,7880,10.679,1.334,12.013,83.2
