gpu,width,height,block,pinned,cells,frames_measured,sim_ms,render_ms,copy_ms,gpu_ms,frame_ms,fps
"NVIDIA GeForce GTX 1650",640,360,8x8,0,230400,600,0.175,0.019,0.394,0.588,1.357,737.0
"NVIDIA GeForce GTX 1650",640,360,8x8,0,230400,600,0.172,0.020,0.402,0.594,1.497,667.8
"NVIDIA GeForce GTX 1650",640,360,8x8,0,230400,600,0.175,0.020,0.406,0.601,1.502,665.8
"NVIDIA GeForce GTX 1650",1280,720,8x8,0,921600,600,1.003,0.055,0.885,1.943,2.454,407.5
"NVIDIA GeForce GTX 1650",1280,720,8x8,0,921600,600,0.997,0.055,0.894,1.946,2.478,403.5
"NVIDIA GeForce GTX 1650",1280,720,8x8,0,921600,600,1.019,0.055,0.897,1.970,2.492,401.3
"NVIDIA GeForce GTX 1650",1920,1080,8x8,0,2073600,600,1.228,0.117,1.888,3.232,4.220,237.0
"NVIDIA GeForce GTX 1650",1920,1080,8x8,0,2073600,600,1.221,0.117,1.898,3.236,4.230,236.4
"NVIDIA GeForce GTX 1650",1920,1080,8x8,0,2073600,600,1.228,0.117,1.889,3.233,4.235,236.1
"NVIDIA GeForce GTX 1650",2560,1440,8x8,0,3686400,600,1.434,0.251,3.296,4.982,6.618,151.1
"NVIDIA GeForce GTX 1650",2560,1440,8x8,0,3686400,600,1.484,0.251,3.301,5.037,6.681,149.7
"NVIDIA GeForce GTX 1650",2560,1440,8x8,0,3686400,600,1.307,0.251,3.187,4.745,6.369,157.0
"NVIDIA GeForce GTX 1650",3840,2160,8x8,0,8294400,600,3.147,0.515,6.795,10.457,13.622,73.4
"NVIDIA GeForce GTX 1650",3840,2160,8x8,0,8294400,600,3.157,0.507,6.648,10.312,13.437,74.4
"NVIDIA GeForce GTX 1650",3840,2160,8x8,0,8294400,600,3.164,0.517,6.625,10.306,13.420,74.5
"NVIDIA GeForce GTX 1650",1920,1080,8x8,0,2073600,600,1.233,0.117,1.892,3.242,4.218,237.1
"NVIDIA GeForce GTX 1650",1920,1080,8x8,0,2073600,600,1.231,0.117,1.891,3.239,4.231,236.3
"NVIDIA GeForce GTX 1650",1920,1080,8x8,0,2073600,600,1.239,0.117,1.890,3.246,4.223,236.8
"NVIDIA GeForce GTX 1650",1920,1080,16x16,0,2073600,600,1.187,0.119,1.898,3.204,4.190,238.7
"NVIDIA GeForce GTX 1650",1920,1080,16x16,0,2073600,600,1.116,0.132,1.952,3.200,4.300,232.6
"NVIDIA GeForce GTX 1650",1920,1080,16x16,0,2073600,600,1.049,0.119,1.930,3.099,4.252,235.2
"NVIDIA GeForce GTX 1650",1920,1080,32x8,0,2073600,600,1.179,0.113,1.890,3.182,4.160,240.4
"NVIDIA GeForce GTX 1650",1920,1080,32x8,0,2073600,600,0.744,0.113,1.893,2.750,4.181,239.2
"NVIDIA GeForce GTX 1650",1920,1080,32x8,0,2073600,600,1.180,0.113,1.893,3.185,4.164,240.1
"NVIDIA GeForce GTX 1650",1920,1080,32x4,0,2073600,600,1.172,0.108,1.899,3.179,4.161,240.3
"NVIDIA GeForce GTX 1650",1920,1080,32x4,0,2073600,600,1.182,0.108,1.895,3.185,4.157,240.6
"NVIDIA GeForce GTX 1650",1920,1080,32x4,0,2073600,600,1.162,0.108,1.894,3.163,4.157,240.5
"NVIDIA GeForce GTX 1650",1920,1080,16x8,0,2073600,600,1.185,0.113,1.894,3.191,4.169,239.9
"NVIDIA GeForce GTX 1650",1920,1080,16x8,0,2073600,600,0.798,0.113,1.902,2.812,4.189,238.7
"NVIDIA GeForce GTX 1650",1920,1080,16x8,0,2073600,600,0.748,0.113,1.894,2.755,4.214,237.3
"NVIDIA GeForce GTX 1650",1920,1080,64x4,0,2073600,600,1.174,0.108,1.889,3.172,4.153,240.8
"NVIDIA GeForce GTX 1650",1920,1080,64x4,0,2073600,600,1.171,0.109,1.895,3.174,4.160,240.4
"NVIDIA GeForce GTX 1650",1920,1080,64x4,0,2073600,600,1.174,0.108,1.889,3.171,4.146,241.2
"NVIDIA GeForce GTX 1650",1280,720,8x8,1,921600,600,0.848,0.055,0.810,1.712,2.263,441.9
"NVIDIA GeForce GTX 1650",1280,720,8x8,1,921600,600,0.843,0.055,0.802,1.700,2.264,441.6
"NVIDIA GeForce GTX 1650",1280,720,8x8,1,921600,600,0.666,0.055,0.813,1.534,2.324,430.4
"NVIDIA GeForce GTX 1650",1920,1080,8x8,1,2073600,600,1.204,0.117,1.790,3.111,4.139,241.6
"NVIDIA GeForce GTX 1650",1920,1080,8x8,1,2073600,600,1.206,0.117,1.784,3.106,4.137,241.7
"NVIDIA GeForce GTX 1650",1920,1080,8x8,1,2073600,600,1.217,0.117,1.785,3.119,4.138,241.7
"NVIDIA GeForce GTX 1650",3840,2160,8x8,1,8294400,600,3.236,0.508,6.253,9.997,13.334,75.0
"NVIDIA GeForce GTX 1650",3840,2160,8x8,1,8294400,600,3.293,0.513,6.235,10.041,13.340,75.0
"NVIDIA GeForce GTX 1650",3840,2160,8x8,1,8294400,600,3.199,0.513,6.262,9.973,13.297,75.2
